{
    "materials": [{
        "colorSpecular": [0.5,0.5,0.5],
        "colorEmissive": [0,0,0],
        "DbgColor": 15658734,
        "depthWrite": true,
        "colorAmbient": [0.64,0.031402,0.283485],
        "visible": true,
        "wireframe": false,
        "specularCoef": 50,
        "colorDiffuse": [0.64,0.031402,0.283485],
        "depthTest": true,
        "shading": "phong",
        "opacity": 1,
        "blending": "NormalBlending",
        "DbgName": "Balloon",
        "DbgIndex": 0,
        "transparent": false
    }],
    "vertices": [2.80859,15.0224,0.915275,3.15903,15.0552,0.791973,2.53427,15.579,0.216956,2.8372,13.7001,-1.03649,1.87762,15.4856,1.11205,1.85283,15.0344,1.01059,2.82673,14.7158,0.688146,2.78537,14.3336,1.31897,2.2676,13.2322,0.264153,2.64522,14.8008,0.942754,2.35161,15.2866,-0.0229169,3.61805,14.471,1.3664,3.25498,13.2845,-0.907827,2.69735,13.3574,-1.17421,3.40293,13.3924,0.530608,2.22996,13.6402,-0.535167,3.5597,14.0602,0.307624,2.52776,12.9953,-0.394186,3.53596,14.0084,-0.660243,3.66606,13.2564,-0.177582,3.30819,14.5644,-0.449589,3.24283,14.5036,0.563366,2.4211,13.9101,0.952224,2.85916,13.0231,1.03179,2.66729,14.6504,-0.426564,3.62494,13.0348,0.367847,3.55639,13.0649,0.927088,2.98199,13.8691,1.3752,3.54487,14.204,0.993259,2.93611,15.0052,1.27965,2.31042,14.0556,0.430112,2.33313,13.0005,0.561282,2.57731,13.3362,0.419369,2.74841,13.3187,0.79525,3.42326,13.0203,-0.460232,2.04987,13.8384,0.171907],
    "normals": [-0.744896,-0.439985,0.50148,0.836879,-0.530747,0.133824,-0.186804,-0.343913,0.920225,0.637013,-0.20127,0.744072,-0.723197,0.425214,-0.544176,0.679159,0.675192,-0.28779,-0.405103,0.821711,-0.40083,-0.918455,0.296579,0.261605,-0.866512,-0.0275277,-0.498337,-0.934721,0.335673,0.116459,-0.519791,0.0824,0.850276,-0.86755,-0.377636,-0.323588,-0.716544,0.104831,0.689566,0.970946,0.230537,0.0638142,0.958556,-0.104282,0.265023,0.499069,0.775109,-0.387371,0.96997,-0.206275,-0.128727,0.779717,0.272561,-0.563646,0.855708,0.134861,0.499527,-0.304239,0.946165,-0.110233,0.0115665,0.640461,0.767876,0.629353,0.725761,-0.277718,0.793359,-0.0557268,0.606128,0.482925,-0.444594,-0.754357,-0.185827,0.293527,-0.937681,0.470443,-0.804102,-0.363384,-0.48854,-0.177648,-0.854213,-0.583056,9.15555e-05,-0.812403,-0.161473,0.95233,-0.258766,-0.893857,-0.420515,-0.155309,-0.65624,0.746483,0.109867,-0.93057,-0.219947,0.292642,0.0842616,-0.315989,0.945006,-0.890591,-0.110904,0.441054,-0.603992,-0.220771,0.76577,-0.465011,-0.826014,-0.318461],
    "uvs": [],
    "faces": [34,31,25,23,0,0,1,2,34,23,25,26,0,2,1,3,34,6,21,24,0,4,5,6,34,30,15,35,0,7,8,9,34,7,9,6,0,10,11,4,34,31,23,32,0,0,2,12,34,16,21,28,0,13,5,14,34,24,21,20,0,6,5,15,34,19,18,16,0,16,17,13,34,28,14,16,0,14,18,13,34,16,18,20,0,13,17,15,34,19,14,25,0,16,18,1,34,0,29,1,0,19,20,21,34,7,29,9,0,10,20,11,34,11,28,1,0,22,14,21,34,25,14,26,0,1,18,3,34,28,21,1,0,14,5,21,34,12,18,19,0,23,17,16,34,3,18,12,0,24,17,23,34,16,20,21,0,13,15,5,34,34,12,19,0,25,23,16,34,12,13,3,0,23,26,24,34,1,10,2,0,21,27,28,34,25,34,19,0,1,25,16,34,10,1,6,0,27,21,4,34,5,0,9,0,29,19,11,34,5,4,0,0,29,30,19,34,15,24,3,0,8,6,24,34,3,20,18,0,24,15,17,34,6,1,21,0,4,21,5,34,20,3,24,0,15,24,6,34,14,19,16,0,18,16,13,34,0,4,29,0,19,30,20,34,0,10,6,0,19,27,4,34,5,29,4,0,29,20,30,34,30,35,8,0,7,9,31,34,32,8,31,0,12,31,0,34,8,32,30,0,31,12,7,34,26,14,23,0,3,18,2,34,27,22,33,0,32,33,34,34,14,33,23,0,18,34,2,34,9,29,5,0,11,20,29,34,11,29,7,0,22,20,10,34,27,28,7,0,32,14,10,34,27,7,22,0,32,10,33,34,0,1,2,0,19,21,28,34,30,6,24,0,7,4,6,34,24,15,30,0,6,8,7,34,6,9,0,0,4,11,19,34,30,22,6,0,7,33,4,34,13,17,3,0,26,35,24,34,1,29,11,0,21,20,22,34,33,22,30,0,34,33,7,34,3,17,15,0,24,35,8,34,0,2,10,0,19,28,27,34,23,33,32,0,2,34,12,34,17,8,15,0,35,31,8,34,8,35,15,0,31,9,8,34,31,8,17,0,0,31,35,34,6,22,7,0,4,33,10,34,32,33,30,0,12,34,7,34,17,25,31,0,35,1,0,34,34,25,17,0,25,1,35,34,13,12,17,0,26,23,35,34,7,28,11,0,10,14,22,34,12,34,17,0,23,25,35,34,14,28,27,0,18,14,32,34,33,14,27,0,34,18,32],
    "metadata": {
        "version": 3,
        "faces": 68,
        "uvs": 0,
        "normals": 36,
        "materials": 1,
        "generator": "io_three",
        "type": "Geometry",
        "vertices": 36
    },
    "name": "default.001Geometry"
}